algorithm,eta,h,totalTime,seed,valid,Ec,Ep,mean_x,std_x,mean_v,std_v
EULER_MARUYAMA,0.1,0.0001,3000.0,12345,1,0.5462165933205083,0.549786993563758,-0.0028669316688354207,1.0486018154618144,0.0003650564799293993,1.0451952224381527
EULER_MARUYAMA,0.1,0.0001,3000.0,23456,1,0.5018082866271416,0.5125171028273713,0.0018422403259495904,1.012438053740567,0.0009962974508781867,1.0018061596273722
EULER_MARUYAMA,0.1,0.0001,3000.0,34567,1,0.4729940463099423,0.4731449555713057,0.004798477419403225,0.972762502279955,0.0017030448724439113,0.9726177013035321
EULER_MARUYAMA,0.1,0.001,3000.0,12345,1,0.4652606022192472,0.4712038705214118,-0.026775606639241698,0.9704075478013606,0.0005810460986923779,0.9646350952456414
EULER_MARUYAMA,0.1,0.001,3000.0,23456,1,0.5480538438601951,0.5452782627121717,0.0034553149308563357,1.0442914283133768,-0.0007780525874342662,1.046951326952716
EULER_MARUYAMA,0.1,0.001,3000.0,34567,1,0.49016396292379644,0.48871839855575194,-0.013245915835105206,0.9885652954496698,-7.363517420603031e-05,0.9901151045677021
EULER_MARUYAMA,0.1,0.01,3000.0,12345,1,0.5394187001220827,0.532196383048404,-0.006615316532014455,1.0316729153987583,-0.001582200024166568,1.0386697727715222
EULER_MARUYAMA,0.1,0.01,3000.0,23456,1,0.4876913352777696,0.4858005967100136,0.0034127431677368034,0.9856924215736136,-0.0003579667751384374,0.9876145725373822
EULER_MARUYAMA,0.1,0.01,3000.0,34567,1,0.49300088714213686,0.4936892719030337,-0.011886170365956811,0.9935981391991937,4.998520839479057e-07,0.9929762209003853
EULER_MARUYAMA,0.1,0.1,3000.0,12345,1,278.55717440060835,278.4082288114662,-0.01318498483396525,23.59695497026446,0.01565372038665054,23.6032646845666
EULER_MARUYAMA,0.1,0.1,3000.0,23456,1,102.07673957693429,102.0110876625974,-0.006813221032456973,14.283631507460091,0.003175371109537102,14.288228339252012
EULER_MARUYAMA,0.1,0.1,3000.0,34567,1,114.0970715446023,114.25715502683222,0.012582611224532294,15.116684547427024,-0.004535828632140313,15.106095541337625
RUNGE_KUTTA,0.1,0.0001,3000.0,12345,1,0.5456368335239579,0.549207516773104,-0.002866509951862558,1.048049052925945,0.00036533828207714896,1.0446403849884858
RUNGE_KUTTA,0.1,0.0001,3000.0,23456,1,0.5013092284184641,0.5120208902488873,0.0018420663174171033,1.0119478190493352,0.000995447176941028,1.001307877639257
RUNGE_KUTTA,0.1,0.0001,3000.0,34567,1,0.47257930334337084,0.4727346074454908,0.004798666956666306,0.972340572160257,0.0017020985411268256,0.9721911899839992
RUNGE_KUTTA,0.1,0.001,3000.0,12345,1,0.4609565802630245,0.4668891658322927,-0.02677572021034973,0.9659510304733481,0.0005771881547648099,0.9601629167852007
RUNGE_KUTTA,0.1,0.001,3000.0,23456,1,0.5422836786904015,0.5395962500059373,0.003449443164446039,1.03883617668268,-0.0007741045998692494,1.0414253497473307
RUNGE_KUTTA,0.1,0.001,3000.0,34567,1,0.4855108889701388,0.4840732378897029,-0.013250891392635758,0.9838551169185491,-7.808915613855569e-05,0.9854043698068674
RUNGE_KUTTA,0.1,0.01,3000.0,12345,1,0.48527905840392344,0.4787258161590993,-0.006594670309707044,0.978472352215592,-0.0014891108495381266,0.9851679549758664
RUNGE_KUTTA,0.1,0.01,3000.0,23456,1,0.44112007493302113,0.43967776848846474,0.0033279362419323276,0.9377336828858472,-0.00039952128116133175,0.9392763119369375
RUNGE_KUTTA,0.1,0.01,3000.0,34567,1,0.4475654715938684,0.4484382556572682,-0.01186342297323761,0.9469613351425719,2.9510685372142568e-05,0.9461136000871186
RUNGE_KUTTA,0.1,0.1,3000.0,12345,1,0.4442769482521562,0.4493504161076622,-0.0027980589975417683,0.9479942007713913,3.7317445106453704e-05,0.9426313667595141
RUNGE_KUTTA,0.1,0.1,3000.0,23456,1,0.4501694503145702,0.455873851047873,1.311953668597071e-05,0.9548548103640195,-1.5976042664889533e-05,0.948861895093158
RUNGE_KUTTA,0.1,0.1,3000.0,34567,1,0.5091766483479855,0.5033624470230407,0.007186127286363066,1.0033310805721172,0.0003011114953543601,1.0091348717077564
GJF,0.1,0.0001,3000.0,12345,1,0.5456368399289501,0.5492075242268447,-0.0028665100731124055,1.0480490600304069,0.0003653382645771687,1.0446403908323292
GJF,0.1,0.0001,3000.0,23456,1,0.5013092334209582,0.5120208967001292,0.001842066257417178,1.0119478253183967,0.000995447246940943,1.0013078826312867
GJF,0.1,0.0001,3000.0,34567,1,0.47257930717711605,0.47273461262798433,0.00479866685916643,0.9723405774729992,0.0017020984648769217,0.9721911937750813
GJF,0.1,0.001,3000.0,12345,1,0.46095710343987073,0.466889824717719,-0.026775735065331163,0.9659517121282726,0.0005771908210114741,0.9601634618588367
GJF,0.1,0.001,3000.0,23456,1,0.5422840901711371,0.5395967891490132,0.003449445888192636,1.0388366952493833,-0.0007741037673702886,1.0414257434315108
GJF,0.1,0.001,3000.0,34567,1,0.48551141883822646,0.48407389985637506,-0.013250899328875831,0.9838557893307144,-7.80871636410475e-05,0.985404907538849
GJF,0.1,0.01,3000.0,12345,1,0.4853167884633815,0.4787746925054479,-0.006594787642551488,0.9785223007487042,-0.0014892064991395876,0.9852062512606904
GJF,0.1,0.01,3000.0,23456,1,0.44115468175132594,0.4397240897662926,0.003328017470760539,0.9377830799984157,-0.00039935031104036927,0.9393131555996419
GJF,0.1,0.01,3000.0,34567,1,0.44760798229174054,0.44849329491960443,-0.011863953821025747,0.9470194481301545,2.9513410360790152e-05,0.946158530774604
GJF,0.1,0.1,3000.0,12345,1,0.44791436102662385,0.45425510103745675,-0.0028161797841756613,0.9531538563960303,4.764880629973622e-05,0.9464822862929507
GJF,0.1,0.1,3000.0,23456,1,0.4543860334569393,0.46134499191700346,1.7684679805006062e-05,0.9605675374183836,-2.18089662930731e-05,0.9532953710976728
GJF,0.1,0.1,3000.0,34567,1,0.5121009602099913,0.5074023272780301,0.0072201820340819164,1.0073492540600186,0.0002863248614641058,1.0120285768651167
EULER_MARUYAMA,1.0,0.0001,3000.0,12345,1,0.5029547682552896,0.5249018830126461,-0.009906661589173024,1.0245514259446653,0.001384490455636931,1.002949460545604
EULER_MARUYAMA,1.0,0.0001,3000.0,23456,1,0.5056143317083354,0.5344955698492877,0.00636414422606972,1.0339006895265452,-4.906795866504796e-05,1.0055986583057956
EULER_MARUYAMA,1.0,0.0001,3000.0,34567,1,0.5125976079729898,0.5168994274419656,0.01621394809881487,1.016629708494961,0.0009168948626314217,1.0125188273484875
EULER_MARUYAMA,1.0,0.001,3000.0,12345,1,0.492832372997034,0.5141720317199602,-0.08386753531558092,1.0105989814950738,0.0003121569710537868,0.9928064504846511
EULER_MARUYAMA,1.0,0.001,3000.0,23456,1,0.5083099547113065,0.5077833626145468,0.009237972221284724,1.0077109624898575,-0.0007203402970746309,1.0082754537830767
EULER_MARUYAMA,1.0,0.001,3000.0,34567,1,0.5008871934185082,0.4936257524465592,-0.04196738951701311,0.9927186123674531,-0.0011140544686819148,1.0008861799139754
EULER_MARUYAMA,1.0,0.01,3000.0,12345,1,0.49723881356327687,0.49311319351169364,-0.020892235161520157,0.9928695281424832,-0.0005055838059008074,0.9972348640352889
EULER_MARUYAMA,1.0,0.01,3000.0,23456,1,0.478524475923017,0.4726133507485385,0.008998421144078566,0.9721860574662444,-0.0006417708551214363,0.9782885759915196
EULER_MARUYAMA,1.0,0.01,3000.0,34567,1,0.5050699716334515,0.5162571435744019,-0.03793112405364977,1.0154188879358326,0.0001404357731842802,1.0050571744641559
EULER_MARUYAMA,1.0,0.1,3000.0,12345,1,0.5984348304653972,0.5888573943585683,-0.009225005166451401,1.0851864716561406,-0.0007369749593766942,1.0940151353408305
EULER_MARUYAMA,1.0,0.1,3000.0,23456,1,0.5649560162493229,0.5353708773801092,-0.0015768419232531994,1.0347653125805703,0.000612092079496687,1.0629730264599042
EULER_MARUYAMA,1.0,0.1,3000.0,34567,1,0.5460268010499563,0.5299458313820258,0.02402206378900878,1.0292301021451842,2.3113078621725253e-05,1.045013679174215
RUNGE_KUTTA,1.0,0.0001,3000.0,12345,1,0.5028794520631849,0.5248506869203914,-0.0099067292815884,1.0245014544134114,0.001384452251934686,1.0028743627669081
RUNGE_KUTTA,1.0,0.0001,3000.0,23456,1,0.5055399922800096,0.5344437696802881,0.0063641685585393,1.0338505873912436,-4.908339989574894e-05,1.0055247294996879
RUNGE_KUTTA,1.0,0.0001,3000.0,34567,1,0.5125206472079409,0.5168478303164622,0.016213933751332805,1.0165789538673762,0.0009168328439589445,1.012442815354175
RUNGE_KUTTA,1.0,0.001,3000.0,12345,1,0.49210321391098283,0.5136780905048868,-0.08386666030917464,1.010110173963918,0.00031109400363249723,0.9920717373249853
RUNGE_KUTTA,1.0,0.001,3000.0,23456,1,0.5075509324975844,0.5072673029158712,0.009237913620107976,1.0071987227500327,-0.0007199819837725222,1.0075223802657012
RUNGE_KUTTA,1.0,0.001,3000.0,34567,1,0.5001271863622672,0.49313090523011854,-0.04196706917616356,0.9922200232178935,-0.001113527926840092,1.000126558910211
RUNGE_KUTTA,1.0,0.01,3000.0,12345,1,0.4897722281782158,0.4881520022124907,-0.02088997967091804,0.9878601185898267,-0.0005025796225849059,0.989719255404079
RUNGE_KUTTA,1.0,0.01,3000.0,23456,1,0.47143196409598287,0.46783135853600616,0.00899914982020909,0.9672547387545535,-0.0006345184186732564,0.9710115980843488
RUNGE_KUTTA,1.0,0.01,3000.0,34567,1,0.4975476953721027,0.5112933530068624,-0.03793059086003809,1.010518666639425,0.00013557594343356941,0.9975446713529195
RUNGE_KUTTA,1.0,0.1,3000.0,12345,1,0.5118237128452982,0.52392172976126,-0.009154672221990751,1.0236013128001624,-0.0007725117703429034,1.011754329895072
RUNGE_KUTTA,1.0,0.1,3000.0,23456,1,0.4830951658680888,0.47504275988500483,-0.001672691346193911,0.9747218646122278,0.0006558265488937961,0.9829495974337719
RUNGE_KUTTA,1.0,0.1,3000.0,34567,1,0.4658743047373026,0.4711167163451523,0.02389642073246949,0.9703929057500642,0.000130995208532977,0.9652712535635362
GJF,1.0,0.0001,3000.0,12345,1,0.5028794533769334,0.5248506934278832,-0.009906729472838159,1.0245014607365879,0.0013844522281847161,1.0028743641186393
GJF,1.0,0.0001,3000.0,23456,1,0.5055399933725083,0.5344437763090295,0.006364168574789278,1.033850593784299,-4.908349614562945e-05,1.005524730684661
GJF,1.0,0.0001,3000.0,34567,1,0.5125206485166893,0.5168478368002037,0.016213933836332697,1.0165789602217714,0.0009168327302090878,1.0124428166678014
GJF,1.0,0.001,3000.0,12345,1,0.49210333599457995,0.5136787292040885,-0.0838667020078725,1.010110803148258,0.00031113653982932485,0.9920718594025575
GJF,1.0,0.001,3000.0,23456,1,0.5075510597549252,0.5072679409950739,0.00923791809760238,1.0071993565812776,-0.0007199866037667457,1.0075225064859814
GJF,1.0,0.001,3000.0,34567,1,0.5001273122758597,0.49313151971685015,-0.041967089964887516,0.9922206419793318,-0.0011135073406158213,1.0001266844561776
GJF,1.0,0.01,3000.0,12345,1,0.48978456668097214,0.4882130260457247,-0.020891045358144334,0.9879218660688569,-0.0005015450643955636,0.9897317222806145
GJF,1.0,0.01,3000.0,23456,1,0.47144372462614725,0.4678900571830951,0.008999584926729467,0.9673154212717324,-0.00063498819588252,0.9710237100282897
GJF,1.0,0.01,3000.0,34567,1,0.4975600287665467,0.5113567301636245,-0.03793249381044246,1.0105813120510851,0.0001374823979900075,0.9975570347264434
GJF,1.0,0.1,3000.0,12345,1,0.5132511397858422,0.5306945493937753,-0.009206081538269238,1.0301962690656403,-0.0007269025873921911,1.0131642254986404
GJF,1.0,0.1,3000.0,23456,1,0.48442892404483145,0.48120369767926335,-0.0016764656889296278,0.9810222136914514,0.0006639974584392323,0.9843055451008812
GJF,1.0,0.1,3000.0,34567,1,0.46718075992666974,0.4771880405816424,0.024022392733636096,0.9766263398211326,1.1531561184950472e-05,0.966623770029247
EULER_MARUYAMA,10.0,0.0001,10000.0,12345,1,0.5001609456300681,0.5241935985780019,-0.005367298589626756,1.023893739434479,0.0003301822447721939,1.000160879063186
EULER_MARUYAMA,10.0,0.0001,10000.0,23456,1,0.49740567147166087,0.5076522178809776,-0.07443000081874894,1.0048704448713184,-0.0001293874157657296,0.9974022891722715
EULER_MARUYAMA,10.0,0.0001,10000.0,34567,1,0.49803828221589713,0.5526811454985682,0.021835320993348763,1.051135342996003,0.00015421396973253746,0.9980363418188702
EULER_MARUYAMA,10.0,0.001,10000.0,12345,1,0.4982562261709673,0.49339627222965976,0.0036741670672911712,0.9933675283105702,-0.00020981488523139414,0.9982546820294208
EULER_MARUYAMA,10.0,0.001,10000.0,23456,1,0.4990364358032052,0.4901364711819109,-0.0326136756929054,0.989550044412821,-0.00010064065544918059,0.9990359670819137
EULER_MARUYAMA,10.0,0.001,10000.0,34567,1,0.503521004767494,0.4983143057821178,0.04107164775669031,0.9974676591550217,2.914951606310448e-05,1.0035148274645804
EULER_MARUYAMA,10.0,0.01,10000.0,12345,1,0.5286690417499478,0.500639567130541,-0.10696305729242836,0.9949060450192657,0.000247984155019806,1.028269430237234
EULER_MARUYAMA,10.0,0.01,10000.0,23456,1,0.5253624028407463,0.5214133267070917,0.008917234260957183,1.0211499089697846,-0.0001028946901316368,1.0250486792014157
EULER_MARUYAMA,10.0,0.01,10000.0,34567,1,0.5283648191577262,0.5570834749456564,-0.05233405636867953,1.0542429016696053,0.0002870126612341739,1.0279735198589655
EULER_MARUYAMA,10.0,0.1,10000.0,12345,1,1.0041611207859902,0.481348121198485,0.007665854376820299,0.9811409047587816,-0.0001726679291508872,1.4171528555301691
EULER_MARUYAMA,10.0,0.1,10000.0,23456,1,1.0053735779802753,0.47049461579230256,-0.023468699216259794,0.9697620578242222,4.4741828227146375e-05,1.4180081633866533
EULER_MARUYAMA,10.0,0.1,10000.0,34567,1,1.0008380986862664,0.5007228464394194,0.02963641299483757,1.0002836488050844,-0.0004152501218734767,1.41480600454098
RUNGE_KUTTA,10.0,0.0001,10000.0,12345,1,0.49990633852707694,0.5241884537456827,-0.005367294887131396,1.0238887137488226,0.0003300801398998244,0.9999062798212042
RUNGE_KUTTA,10.0,0.0001,10000.0,23456,1,0.4971531764435294,0.507647052017435,-0.07442999864625172,1.0048653038960538,-0.00012940802448996826,0.9971491043668375
RUNGE_KUTTA,10.0,0.0001,10000.0,34567,1,0.49778427731715325,0.552676046497442,0.021835341279573404,1.0511304918754762,0.00015405757617802907,0.9977818055100991
RUNGE_KUTTA,10.0,0.001,10000.0,12345,1,0.49573846616191736,0.4933461552835559,0.0036742522159347347,0.9933170747460756,-0.00021006048867438948,0.9957293247000331
RUNGE_KUTTA,10.0,0.001,10000.0,23456,1,0.4965115150256061,0.49008716450729467,-0.03261389742012823,0.9895002082725518,-9.90592874258902e-05,0.9965054039046257
RUNGE_KUTTA,10.0,0.001,10000.0,34567,1,0.5010029974812531,0.49826208841363956,0.04107161696172879,0.9974153094111106,2.944778944026448e-05,1.0010024942693287
RUNGE_KUTTA,10.0,0.01,10000.0,12345,1,0.5057186360504548,0.5000592658709179,-0.10695767951915061,0.994323180060094,0.0001921312835858954,1.0057023596540626
RUNGE_KUTTA,10.0,0.01,10000.0,23456,1,0.5024120188649766,0.5208350718386603,0.008916014301232114,1.0205834845282518,-9.824838218952223e-05,1.0024091121649954
RUNGE_KUTTA,10.0,0.01,10000.0,34567,1,0.505372615382981,0.5564904660994172,-0.05233219113976107,1.0536803480902306,0.0002605026043717446,1.0053582256944191
RUNGE_KUTTA,10.0,0.1,10000.0,12345,1,1.3002612037974524,0.4630430276621542,0.007609572217847282,0.9623035625362578,0.0004031843976950306,1.6126134841658577
RUNGE_KUTTA,10.0,0.1,10000.0,23456,1,1.3141576664541692,0.45214979681503975,-0.0232409660879239,0.950662637807253,-0.00221288513893576,1.6212064747113013
RUNGE_KUTTA,10.0,0.1,10000.0,34567,1,1.302557194797565,0.4819480345120686,0.02940378897763778,0.9813416767777156,0.0020964424819689743,1.6140353129895242
GJF,10.0,0.0001,10000.0,12345,1,0.49990596860753905,0.524188460064425,-0.005367294758381572,1.0238887203465816,0.0003300794861506418,0.9999059100450438
GJF,10.0,0.0001,10000.0,23456,1,0.49715280742274043,0.5076470582624273,-0.07442999875250156,1.004865310134467,-0.00012940391074511227,0.9971487344854125
GJF,10.0,0.0001,10000.0,34567,1,0.4977839088463639,0.5526760531786834,0.021835341354573306,1.0511304987614423,0.00015405674492906807,0.997781435574889
GJF,10.0,0.001,10000.0,12345,1,0.49570167130166093,0.4933467737840326,0.003674253312183364,0.9933176973266433,-0.00021006682991646304,0.9956923719444497
GJF,10.0,0.001,10000.0,23456,1,0.4964746798479003,0.4900877808415239,-0.032613913981357545,0.9895008304026998,-9.889877762652872e-05,0.9964684384154675
GJF,10.0,0.001,10000.0,34567,1,0.5009656798004003,0.49826271546535555,0.041071637521703105,0.9974159373993534,2.9239873450159164e-05,1.0009652138295322
GJF,10.0,0.01,10000.0,12345,1,0.5018053382420773,0.5001249802712747,-0.10696318250727184,0.9943886758150196,0.00024714827231466006,1.0018036805999984
GJF,10.0,0.01,10000.0,23456,1,0.49853138855076434,0.5209029390163262,0.008916431066961144,1.0206499761690482,-0.00010242270572161909,0.9985303033067876
GJF,10.0,0.01,10000.0,34567,1,0.5014645958755053,0.5565622114122357,-0.052334797136503595,1.053748305906014,0.00028656129804837717,1.0014634843030361
GJF,10.0,0.1,10000.0,12345,1,0.4956302651091862,0.47399168281646475,0.007667829939625765,0.9736141786476357,-0.00017739144510693544,0.9956206598360332
GJF,10.0,0.1,10000.0,23456,1,0.4995574629317134,0.4628963201959976,-0.023468133385832677,0.9618949461712111,4.774981562730482e-05,0.9995573638697276
GJF,10.0,0.1,10000.0,34567,1,0.4958101468481643,0.49331712428594643,0.029656618967262908,0.9928518184789132,-0.00042134430819614827,0.995801243189814
