algorithm,eta,h,valid_runs,Ec,Ep,mean_x,std_x,mean_v,std_v,error_Ec,error_Ep,error_std_x,error_std_v,maximum_error,correct
EULER_MARUYAMA,0.1,0.0001,3,0.5070063087525307,0.511816350654145,0.0012579286921724647,1.0112674571607787,0.001021466267750499,1.0065396944563523,1.4012617505061442,2.3632701308289983,1.1267457160778704,0.6539694456352274,2.3632701308289983,0
RUNGE_KUTTA,0.1,0.0001,3,0.5065084550952643,0.511321004822494,0.0012580744407402838,1.010779148045179,0.0010209613333816675,1.006046484203914,1.301691019052864,2.264200964498797,1.0779148045179099,0.6046484203914071,2.264200964498797,0
GJF,0.1,0.0001,3,0.5065084601756747,0.5113210111849861,0.001258074347823734,1.0107791542739342,0.001020961325465011,1.0060464890795657,1.3016920351349492,2.264202236997215,1.0779154273934166,0.6046489079565731,2.264202236997215,0
EULER_MARUYAMA,0.1,0.001,3,0.5011594696677463,0.5017335105964452,-0.012188735847830189,1.001088090521469,-9.021388764930618e-05,1.0005671755886867,0.23189393354925425,0.34670211928904404,0.10880905214689651,0.05671755886866858,0.34670211928904404,1
RUNGE_KUTTA,0.1,0.001,3,0.4962503826411882,0.4968528845759776,-0.01219238947951315,0.996214108024859,-9.166853374766507e-05,0.9956642121131329,0.7499234717623593,0.6294230848044813,0.3785891975141009,0.43357878868670596,0.7499234717623593,1
GJF,0.1,0.001,3,0.49625087081641145,0.49685350457436916,-0.012192396168671453,0.9962147322361233,-9.166670333328734e-05,0.9956647042763987,0.7498258367177102,0.6292990851261671,0.3785267763876665,0.4335295723601251,0.7498258367177102,1
EULER_MARUYAMA,0.1,0.01,3,0.5067036408473298,0.5038954172204838,-0.005029581243411488,1.0036544920571886,-0.0006465556490736859,1.00642018873643,1.3407281694659545,0.779083444096762,0.36544920571885964,0.642018873642991,1.3407281694659545,1
RUNGE_KUTTA,0.1,0.01,3,0.4579882016436043,0.4556139467682774,-0.005043385680337443,0.9543891234146704,-0.0006197071484424385,0.9568526223333075,8.402359671279136,8.877210646344524,4.5610876585329585,4.314737766669252,8.877210646344524,0
GJF,0.1,0.01,3,0.458026484168816,0.45566402573044834,-0.005043574664272232,0.9544416096257581,-0.0006196811332730556,0.956892645878312,8.394703166236805,8.867194853910332,4.555839037424192,4.310735412168798,8.867194853910332,0
EULER_MARUYAMA,0.1,0.1,3,164.91032850738165,164.89215716696526,-0.0024718648806299763,17.66575700838386,0.0047644209546824435,17.66586285505208,32882.06570147633,32878.43143339305,1666.575700838386,1666.586285505208,32882.06570147633,0
RUNGE_KUTTA,0.1,0.1,3,0.4678743489715706,0.46952890472619196,0.0014670626085024226,0.9687266972358426,0.00010748429926530808,0.9668760445201429,6.42513020568588,6.0942190547616075,3.1273302764157407,3.3123955479857137,6.42513020568588,0
GJF,0.1,0.1,3,0.47146711823118476,0.4743341400774968,0.001473895643237087,0.9736902159581442,0.00010405490049025631,0.9706020780852468,5.706576353763049,5.13317198450064,2.63097840418558,2.939792191475321,5.706576353763049,0
EULER_MARUYAMA,1.0,0.0001,3,0.5070555693122049,0.5254322934346332,0.004223810245237189,1.0250272746553903,0.0007507724532011016,1.0070223153999625,1.4111138624409714,5.0864586869266315,2.502727465539034,0.7022315399962453,5.0864586869266315,0
RUNGE_KUTTA,1.0,0.0001,3,0.5069800305170451,0.5253807623057138,0.004223791009427901,1.0249769985573438,0.0007507338986659605,1.0069473025402569,1.3960061034090199,5.076152461142769,2.497699855734381,0.6947302540256883,5.076152461142769,0
GJF,1.0,0.0001,3,0.5069800317553771,0.5253807688457055,0.004223790979427939,1.0249770049142193,0.0007507338207493915,1.0069473038237005,1.3960063510754184,5.076153769141101,2.497700491421928,0.6947303823700457,5.076153769141101,0
EULER_MARUYAMA,1.0,0.001,3,0.5006765070422828,0.5051937155936888,-0.03886565087043643,1.003676185450795,-0.000507412598234253,1.0006560280605676,0.13530140845656735,1.0387431187377505,0.36761854507949554,0.06560280605676372,1.0387431187377505,1
RUNGE_KUTTA,1.0,0.001,3,0.4999271109236115,0.5046920995502922,-0.03886527195507674,1.003176306643948,-0.0005074719689933723,0.9999068921669659,0.014577815277705408,0.9384199100584301,0.3176306643948079,0.009310783303406733,0.9384199100584301,1
GJF,1.0,0.001,3,0.499927236008455,0.5046927299720042,-0.03886529129171921,1.0031769339029557,-0.0005074524681844141,0.9999070167815721,0.014552798308997694,0.9385459944008412,0.3176933902955703,0.009298321842787782,0.9385459944008412,1
EULER_MARUYAMA,1.0,0.01,3,0.49361108703991513,0.4939945626115447,-0.016608312690363787,0.99349149118152,-0.00033563962927932113,0.9935268714969882,1.2777825920169739,1.2010874776910652,0.6508508818479974,0.6473128503011849,1.2777825920169739,1
RUNGE_KUTTA,1.0,0.01,3,0.4862506292154338,0.4890922379184531,-0.016607140236915677,0.9885445079946017,-0.0003338406992748643,0.9860918416137824,2.7498741569132346,2.1815524163093847,1.1455492005398304,1.3908158386217617,2.7498741569132346,0
GJF,1.0,0.01,3,0.48626277335788864,0.4891532711308148,-0.016607984747285778,0.9886061997972249,-0.00033301695409602544,0.9861041556784492,2.747445328422271,2.169345773837039,1.139380020277514,1.3895844321550777,2.747445328422271,0
EULER_MARUYAMA,1.0,0.1,3,0.5698058825882255,0.5513913677069011,0.00440673889976806,1.0497272954606316,-3.3923267086094005e-05,1.0673339469916499,13.961176517645102,10.278273541380223,4.972729546063159,6.733394699164985,13.961176517645102,0
RUNGE_KUTTA,1.0,0.1,3,0.4869310611502298,0.49002706866380574,0.0043563523880949424,0.9895720277208181,4.769995694623213e-06,0.9866583936307934,2.6137877699540346,1.9945862672388515,1.0427972279181907,1.334160636920656,2.6137877699540346,0
GJF,1.0,0.1,3,0.4882869412524478,0.4963620958848937,0.004379948502145744,0.9959482741927413,-1.712452258933611e-05,0.9880311802095895,2.342611749510437,0.7275808230212566,0.4051725807258655,1.1968819790410534,2.342611749510437,0
EULER_MARUYAMA,10.0,0.0001,3,0.4985349664392087,0.5281756539858492,-0.019320659471675643,1.0266331757672666,0.00011833626624633391,0.9985331700181094,0.29300671215826135,5.6351307971698406,2.663317576726665,0.14668299818906272,5.6351307971698406,0
RUNGE_KUTTA,10.0,0.0001,3,0.49828126409591983,0.5281705174201865,-0.019320650751269902,1.0266281698401176,0.00011824323052929506,0.9982790632327135,0.34374718081603417,5.6341034840373005,2.662816984011762,0.17209367672864628,5.6341034840373005,0
GJF,10.0,0.0001,3,0.4982808949588811,0.5281705238351785,-0.01932065071876994,1.0266281764141636,0.00011824410677819921,0.9982786933684484,0.3438210082237769,5.634104767035697,2.6628176414163596,0.17213066315515668,5.634104767035697,0
EULER_MARUYAMA,10.0,0.001,3,0.5002712222472222,0.4939490163978961,0.0040440463770253605,0.993461743959471,-9.376867487249007e-05,1.0002684921919716,0.05424444944444051,1.2101967204207753,0.6538256040529045,0.026849219197155882,1.2101967204207753,1
RUNGE_KUTTA,10.0,0.001,3,0.4977509928895922,0.49389846940149673,0.0040439905858451,0.9934108641432461,-9.32239955533384e-05,0.9977457409579958,0.4498014220815638,1.2203061197006537,0.6589135856753914,0.22542590420041586,1.2203061197006537,1
GJF,10.0,0.001,3,0.4977140103166538,0.493899090030304,0.004043992284176308,0.9934114883762323,-9.324191136427753e-05,0.9977086747298164,0.45719793666924025,1.2201819939391956,0.6588511623767723,0.22913252701836084,1.2201819939391956,1
EULER_MARUYAMA,10.0,0.01,3,0.5274654212494735,0.5263787895944297,-0.0501266264667169,1.0234329518862184,0.00014403404204078104,1.0270972097658717,5.4930842498946975,5.275757918885948,2.343295188621841,2.709720976587171,5.4930842498946975,0
RUNGE_KUTTA,10.0,0.01,3,0.5045010900994708,0.5257949346029985,-0.050124618785893194,1.0228623375595254,0.00011812850192270593,1.004489899171159,0.9002180198941501,5.158986920599706,2.286233755952538,0.4489899171159051,5.158986920599706,0
GJF,10.0,0.01,3,0.500600440889449,0.5258633768999456,-0.0501271828589381,1.0229289859633606,0.00014376228821380606,1.0005991560699405,0.12008817788979886,5.172675379989111,2.292898596336057,0.05991560699405429,5.172675379989111,0
EULER_MARUYAMA,10.0,0.1,3,1.0034575991508439,0.48418852781006905,0.004611189385132692,0.983728870462696,-0.00018105874093240584,1.4166556744859342,100.69151983016877,3.1622944379861906,1.627112953730403,41.66556744859342,100.69151983016877,0
RUNGE_KUTTA,10.0,0.1,3,1.3056586883497288,0.46571361966308755,0.004590798369187055,0.9647692923737421,9.558058024274829e-05,1.6159517572888944,161.13173766994575,6.8572760673824895,3.5230707626257907,61.59517572888944,161.13173766994575,0
GJF,10.0,0.1,3,0.496999291629688,0.4767350424328029,0.004618771840351998,0.9761203144325866,-0.0001836619792252596,0.9969930889651916,0.6001416740624044,4.652991513439419,2.387968556741338,0.3006911034808435,4.652991513439419,0
