algorithm,eta,totalTime,Ec,Ep,mean_x,std_x,mean_v,std_v,maximum_error,correct
EULER_MARUYAMA,0.1,100.0,0.34769881607229913,0.3506134617867277,0.01820853693578831,0.8291022967143272,-0.0011342819664754088,0.8235005937361188,30.460236785540175,0
EULER_MARUYAMA,0.1,300.0,0.46893720926829463,0.4668489977650093,-0.016041184984229233,0.9591448287279428,-0.001327080370498457,0.9610920408914214,6.630200446998136,0
EULER_MARUYAMA,0.1,1000.0,0.5196670610151737,0.5234757952672557,-0.009229645023693719,1.0212408795208774,0.0011740821881472655,1.0177664663206394,4.695159053451148,0
EULER_MARUYAMA,0.1,3000.0,0.4967916642689196,0.49765497545853077,-0.00274119824825219,0.9969780945692033,-0.00010653148708564097,0.9961963103022627,0.641667146216085,1
RUNGE_KUTTA,0.1,100.0,0.3449878517843527,0.3479023297008788,0.018187088648891882,0.8259539983325193,-0.001091205929925868,0.8203598320011043,31.00242964312946,0
RUNGE_KUTTA,0.1,300.0,0.4641722368723464,0.462128572740947,-0.016028092641280668,0.9543209596728073,-0.0013176480589664175,0.9562312459228185,7.574285451810603,0
RUNGE_KUTTA,0.1,1000.0,0.5144705724542844,0.5182840942773821,-0.009233613454733182,1.016176782499287,0.0011699329350838314,1.0126795685288457,3.656818855476418,0
RUNGE_KUTTA,0.1,3000.0,0.4918233388113265,0.49271504117094855,-0.0027437312470859412,0.9920204895773148,-0.00010763663395420749,0.9912074920247071,1.635332237734699,1
GJF,0.1,100.0,0.34498818507268664,0.3479027697078786,0.01818711176110299,0.8259545359968966,-0.0010912032749590638,0.8203602444353535,31.00236298546267,0
GJF,0.1,300.0,0.4641726663763901,0.4621291170086792,-0.01602809895875434,0.9543215206712876,-0.0013176522364490185,0.9562316878147342,7.57417659826416,0
GJF,0.1,1000.0,0.5144711298325877,0.5182847864642669,-0.00923361911172611,1.0161774609206362,0.0011699349450813186,1.0126801162042007,3.65695729285338,0
GJF,0.1,3000.0,0.49182382099847377,0.492715651882685,-0.002743733046333691,0.9920211060834161,-0.00010763576820528905,0.99120797962015,1.6352358003052458,1
EULER_MARUYAMA,1.0,100.0,0.4761718162222972,0.4740503233059587,0.031665352413094844,0.9648846023722315,0.00497710280621492,0.9717186107098117,5.18993533880826,0
EULER_MARUYAMA,1.0,300.0,0.4832554057983091,0.49280878734838607,-0.04337344900146251,0.9883717868785211,-5.2720249498963356e-05,0.9804714572688432,3.3489188403381775,0
EULER_MARUYAMA,1.0,1000.0,0.49690634486431906,0.517876515319106,-0.031153557455303175,1.0155946266318143,0.0008622800883998895,0.9967754619924094,3.575303063821189,0
EULER_MARUYAMA,1.0,3000.0,0.49611509979162516,0.5025251756765303,-0.008936246071692421,1.0011604468873934,-0.0005182442589446765,0.9960477599393613,0.7769800416749684,1
RUNGE_KUTTA,1.0,100.0,0.4754664921763478,0.4735917545555681,0.03165460963487959,0.9644064829564811,0.004978421477231525,0.9709994582005192,5.281649088886375,0
RUNGE_KUTTA,1.0,300.0,0.482522695264603,0.4923321638884838,-0.04337306934137773,0.9878936810918584,-5.4163015987429564e-05,0.979729476528231,3.4954609470793985,0
RUNGE_KUTTA,1.0,1000.0,0.4961631272850909,0.5173700083624896,-0.03115378515251856,1.0150958868327895,0.0008619642450446932,0.9960297871236928,3.4740016724979172,0
RUNGE_KUTTA,1.0,3000.0,0.4953742101362374,0.5020304102314872,-0.008935994232257214,1.0006662799204267,-0.0005181733085333656,0.9953037954592237,0.9251579727525217,1
GJF,1.0,100.0,0.475466606717416,0.4735923428082149,0.03165463059461758,0.9644070838909821,0.00497840641241984,0.9709995730868635,5.281531438357023,0
GJF,1.0,300.0,0.4825228167515969,0.4923327732559448,-0.04337309054628937,0.987894292740472,-5.4141121911997074e-05,0.9797295982206311,3.4954366496806166,0
GJF,1.0,1000.0,0.4961632530229337,0.5173706532994334,-0.031153800285499633,1.0150965199282775,0.0008619799827750223,0.9960299129642998,3.4741306598866872,0
GJF,1.0,3000.0,0.4953743334513332,0.5020310362342048,-0.008935998840001447,1.0006669043982266,-0.0005181690235387207,0.9953039188429148,0.9251333097333614,1
EULER_MARUYAMA,10.0,100.0,0.49653202711966105,0.4927854976562793,0.018801524660941774,0.9251652073914451,0.0039814551293108815,0.9959395109370703,7.483479260855486,0
EULER_MARUYAMA,10.0,300.0,0.491800609918292,0.6075025530635288,-0.09450400880746328,1.073877926660443,-0.004811371092620447,0.991593466313766,21.50051061270577,0
EULER_MARUYAMA,10.0,1000.0,0.499039114377107,0.527509309624863,-0.10843301073373661,1.0120562483617612,0.001345489412138236,0.9990119746006292,5.501861924972595,0
EULER_MARUYAMA,10.0,3000.0,0.5025275722255348,0.5172417846135191,-0.025386222216722265,1.0038004411648276,-0.0005578886356392053,1.002521994481001,3.4483569227038213,0
EULER_MARUYAMA,10.0,10000.0,0.5024767583775521,0.503219844905944,0.0017725363658295458,1.0028348292037739,-4.562277272153428e-05,1.0024679690831206,0.6439689811887916,1
RUNGE_KUTTA,10.0,100.0,0.4940303873851577,0.4927299647929401,0.018801467571655385,0.9251061350863212,0.003986815657304283,0.9934247441068749,7.489386491367878,0
RUNGE_KUTTA,10.0,300.0,0.48931331383702564,0.6074484778705089,-0.09450261226994885,1.0738272447382653,-0.004811131776117596,0.9890820505244786,21.489695574101788,0
RUNGE_KUTTA,10.0,1000.0,0.49652050974261286,0.5274586026029968,-0.10843352166284795,1.0120062077396943,0.0013450375077031162,0.9964877399687602,5.4917205205993636,0
RUNGE_KUTTA,10.0,3000.0,0.5000027481645647,0.5171901073456159,-0.025386252505934376,1.0037488533618188,-0.0005574281517148097,1.0000003688052281,3.438021469123176,0
RUNGE_KUTTA,10.0,10000.0,0.4999555673902908,0.5031685279138403,0.0017725212425984452,1.002783662211019,-4.534819181475999e-05,0.999949796632617,0.6337055827680516,1
GJF,10.0,100.0,0.493993634159573,0.49273063001212486,0.0188014995112561,0.9251067900540498,0.003986496531293364,0.9933877930382525,7.489320994595017,0
GJF,10.0,300.0,0.4892770013041613,0.6074492147774384,-0.09450268337298592,1.0738279007681928,-0.0048104219290753,0.9890453545368215,21.48984295548768,0
GJF,10.0,1000.0,0.49648364447419446,0.5274592534426832,-0.10843356939028825,1.0120068359329963,0.001345515311105861,0.9964507459317252,5.491850688536637,0
GJF,10.0,3000.0,0.49996556441279455,0.5171907523893096,-0.02538626757841555,1.0037494826728024,-0.0005572757899052627,0.9999631847076327,3.438150477861912,0
GJF,10.0,10000.0,0.4999183702977872,0.5031691589250513,0.0017725219053476133,1.0027842909485545,-4.5355846805191664e-05,0.9999125979189015,0.6338317850102637,1
