algorithm,eta,h,totalTime,seed,Ec,Ep,mean_x,std_x,mean_v,std_v
EULER_MARUYAMA,0.1,0.001,100.0,12345,0.3666405376682791,0.3662943061961726,0.004934141248234408,0.8558996816083777,0.004104758365520448,0.8563084874978523
EULER_MARUYAMA,0.1,0.001,100.0,23456,0.25047682202722465,0.2549885959550506,-0.01539930405869927,0.7139608199737394,-0.006163628079649,0.7077539475354687
EULER_MARUYAMA,0.1,0.001,100.0,34567,0.44944526202172475,0.4567499960875489,0.05420242481968977,0.9542337704522277,-0.005664206959912972,0.9480814526244897
EULER_MARUYAMA,0.1,0.001,100.0,45678,0.2032952608717391,0.23252865390432617,0.04154693207584905,0.6806843298559977,0.01862042599467507,0.6373725782401705
EULER_MARUYAMA,0.1,0.001,100.0,56789,0.4686361977725279,0.4425057567905401,0.005758490593867579,0.9407328816812939,-0.016568759153010593,0.9679865027826129
EULER_MARUYAMA,0.1,0.001,300.0,12345,0.4158062621739075,0.4106972367698467,-0.022096190540872748,0.9060387576102266,0.0007331644784813429,0.9119276230223987
EULER_MARUYAMA,0.1,0.001,300.0,23456,0.5378604407314969,0.548053481543827,0.002457541397744171,1.0469483863917646,0.0019769374460939736,1.0371677662484542
EULER_MARUYAMA,0.1,0.001,300.0,34567,0.49414691036704006,0.49465059377669274,-0.033030742676072186,0.9940876011476933,-0.0021883173736776053,0.9941272717503661
EULER_MARUYAMA,0.1,0.001,300.0,45678,0.2875155025895726,0.2917944252982279,-0.032070420777413434,0.7632564055397653,-0.005976803796650846,0.7582844358182017
EULER_MARUYAMA,0.1,0.001,300.0,56789,0.6093569304794564,0.5890492514364523,0.004533887675468026,1.0853929929502646,-0.00118038260673915,1.103953107617686
EULER_MARUYAMA,0.1,0.001,1000.0,12345,0.4629106142654821,0.46341760553424294,-0.03484973015283731,0.9620918397752779,0.0018369900875123957,0.9621942913144529
EULER_MARUYAMA,0.1,0.001,1000.0,23456,0.6158814042307449,0.6187821885347641,0.00707630014712481,1.1124362022876402,0.001923030347462065,1.1098464353342108
EULER_MARUYAMA,0.1,0.001,1000.0,34567,0.5656289273038407,0.5759444040107448,-0.01766035743705321,1.073115520574298,0.0014652168259789665,1.063605051958061
EULER_MARUYAMA,0.1,0.001,1000.0,45678,0.49000838964076276,0.49455021428848245,0.003099889266388421,0.9945304519213303,-0.0007824670569161834,0.9899576595771172
EULER_MARUYAMA,0.1,0.001,1000.0,56789,0.4639059696350376,0.46468456396804475,-0.003814326942091305,0.9640303830458404,0.0014276407366990826,0.963228893419354
EULER_MARUYAMA,0.1,0.001,3000.0,12345,0.4652606022192472,0.4712038705214118,-0.026775606639241698,0.9704075478013606,0.0005810460986923779,0.9646350952456414
EULER_MARUYAMA,0.1,0.001,3000.0,23456,0.5480538438601951,0.5452782627121717,0.0034553149308563357,1.0442914283133768,-0.0007780525874342662,1.046951326952716
EULER_MARUYAMA,0.1,0.001,3000.0,34567,0.49016396292379644,0.48871839855575194,-0.013245915835105206,0.9885652954496698,-7.363517420603031e-05,0.9901151045677021
EULER_MARUYAMA,0.1,0.001,3000.0,45678,0.4575287779652776,0.4569360564711795,0.00732378611276736,0.9559385311532045,-0.00012278660151674855,0.9565864001822474
EULER_MARUYAMA,0.1,0.001,3000.0,56789,0.5229511343760818,0.5261382890321388,0.015536430189462259,1.0256876701284052,-0.00013922917096353775,1.0226936245630065
RUNGE_KUTTA,0.1,0.001,100.0,12345,0.363169648879389,0.3629860111123611,0.004874057586780144,0.8520259770399692,0.004164353308083674,0.8522452457167413
RUNGE_KUTTA,0.1,0.001,100.0,23456,0.2490027271284109,0.25344051613104834,-0.015411130585867674,0.711788965239747,-0.00611940054499318,0.7056684800382137
RUNGE_KUTTA,0.1,0.001,100.0,34567,0.4470735469431632,0.4543432590342621,0.054215580630242115,0.9517075133904401,-0.005693526418419772,0.9455763727760739
RUNGE_KUTTA,0.1,0.001,100.0,45678,0.20219128143398207,0.23138225318433522,0.04149857620529744,0.6790010131642625,0.01860838322020975,0.6356384907396294
RUNGE_KUTTA,0.1,0.001,100.0,56789,0.46350205453681825,0.437359609042387,0.0057583594080073824,0.9352465228281767,-0.01641583921450981,0.9626705707348628
RUNGE_KUTTA,0.1,0.001,300.0,12345,0.4124900732330281,0.40749998420423256,-0.02214643336069433,0.902501801245926,0.0007185840350665218,0.9082838943107692
RUNGE_KUTTA,0.1,0.001,300.0,23456,0.5313505716059516,0.5414519955458519,0.002521972762613486,1.04062367396188,0.0019359614751605226,1.030872152122419
RUNGE_KUTTA,0.1,0.001,300.0,34567,0.489620800209166,0.4902024651772283,-0.033015464106399564,0.9896034097471545,-0.0021759344002733327,0.9895639779588642
RUNGE_KUTTA,0.1,0.001,300.0,45678,0.28462098325006985,0.2888898710338707,-0.032043760059333085,0.7594425184434261,-0.005928280582164242,0.754457964597648
RUNGE_KUTTA,0.1,0.001,300.0,56789,0.6027787560635165,0.5825985477435511,0.004543221557410164,1.0794333949656494,-0.0011385708226215579,1.0979782406243919
RUNGE_KUTTA,0.1,0.001,1000.0,12345,0.4589333725107843,0.4594402522159348,-0.03485478101027374,0.9579486672555991,0.0018259578400526993,0.9580518842098472
RUNGE_KUTTA,0.1,0.001,1000.0,23456,0.609480819288976,0.6124351578748024,0.007060050137437337,1.106716075561385,0.0019185742755321513,1.1040642906579592
RUNGE_KUTTA,0.1,0.001,1000.0,34567,0.5597204583069271,0.5699841765360292,-0.017658278487151888,1.0675469724698783,0.0014692179409775783,1.058035329963512
RUNGE_KUTTA,0.1,0.001,1000.0,45678,0.48460111843735204,0.48916386325142097,0.0031008162777296446,0.9890996463147073,-0.0007869227263465922,0.9844803792456497
RUNGE_KUTTA,0.1,0.001,1000.0,56789,0.45961709372738296,0.46039702150872286,-0.003815874191407259,0.9595725508948645,0.0014228373452033196,0.9587659585672598
RUNGE_KUTTA,0.1,0.001,3000.0,12345,0.4609565802630245,0.4668891658322927,-0.02677572021034973,0.9659510304733481,0.0005771881547648099,0.9601629167852007
RUNGE_KUTTA,0.1,0.001,3000.0,23456,0.5422836786904015,0.5395962500059373,0.003449443164446039,1.03883617668268,-0.0007741045998692494,1.0414253497473307
RUNGE_KUTTA,0.1,0.001,3000.0,34567,0.4855108889701388,0.4840732378897029,-0.013250891392635758,0.9838551169185491,-7.808915613855569e-05,0.9854043698068674
RUNGE_KUTTA,0.1,0.001,3000.0,45678,0.45281085711892866,0.45223917555728055,0.007323416249479688,0.9510124700791377,-0.00012735165956042903,0.9516415809673618
RUNGE_KUTTA,0.1,0.001,3000.0,56789,0.5175546890141389,0.5207773765695294,0.015535095953630056,1.020447653732859,-0.00013582590896761324,1.0174032428167752
GJF,0.1,0.001,100.0,12345,0.3631695603429958,0.36298602189972623,0.004874078136523294,0.8520259872312231,0.004164366657916769,0.852245141168598
GJF,0.1,0.001,100.0,23456,0.24900323049711875,0.2534411162235472,-0.015411123223459704,0.7117898085768828,-0.0061193991575105395,0.7056691929181493
GJF,0.1,0.001,100.0,34567,0.4470740995737554,0.45434399218759774,0.054215603129960876,0.9517082808336482,-0.0056935309433631875,0.9455769577774791
GJF,0.1,0.001,100.0,45678,0.202191548480644,0.2313826360545493,0.04149859866751666,0.6790015745356529,0.01860839939500756,0.6356389105649154
GJF,0.1,0.001,100.0,56789,0.4635024864689192,0.4373600821739728,0.00575840209497382,0.9352470288070758,-0.01641585232684592,0.9626710197476258
GJF,0.1,0.001,300.0,12345,0.41249021177411765,0.40750024379898425,-0.022146447402302493,0.902502091075456,0.0007185967475135486,0.9082840446310887
GJF,0.1,0.001,300.0,23456,0.5313514861813076,0.5414530284415482,0.002521963379319253,1.0406246662351943,0.0019359468210549085,1.030873040469231
GJF,0.1,0.001,300.0,34567,0.4896211569826794,0.49020296168765964,-0.03301547872717197,0.9896039109585736,-0.0021759379877583866,0.9895643376975314
GJF,0.1,0.001,300.0,45678,0.2846213200319998,0.2888902764071816,-0.0320437650634789,0.7594430516453811,-0.005928290198790842,0.7544584120042853
GJF,0.1,0.001,300.0,56789,0.6027791569118461,0.5825990747080221,0.004543233019862417,1.0794338834418333,-0.0011385765642643202,1.097978604271535
GJF,0.1,0.001,1000.0,12345,0.45893384978143764,0.4594408607914238,-0.034854801005248744,0.9579493016461517,0.0018259617487978133,0.9580523810715526
GJF,0.1,0.001,1000.0,23456,0.609481403268246,0.6124358932838836,0.007060052783684028,1.1067167402015883,0.001918578570526785,1.1040648196938494
GJF,0.1,0.001,1000.0,34567,0.5597212185772268,0.5699850847048942,-0.017658286682141644,1.0675478234203295,0.00146921931347586,1.0580360485909523
GJF,0.1,0.001,1000.0,45678,0.4846016134479833,0.4891644758644053,0.0031008168852288995,0.9891002663124572,-0.0007869228600964202,0.9844808823607557
GJF,0.1,0.001,1000.0,56789,0.4596175640880448,0.4603976176767278,-0.0038158775401530808,0.9595731730226547,0.0014228379527025559,0.9587664493038937
GJF,0.1,0.001,3000.0,12345,0.46095710343987073,0.466889824717719,-0.026775735065331163,0.9659517121282726,0.0005771908210114741,0.9601634618588367
GJF,0.1,0.001,3000.0,23456,0.5422840901711371,0.5395967891490132,0.003449445888192636,1.0388366952493833,-0.0007741037673702886,1.0414257434315108
GJF,0.1,0.001,3000.0,34567,0.48551141883822646,0.48407389985637506,-0.013250899328875831,0.9838557893307144,-7.80871636410475e-05,0.985404907538849
GJF,0.1,0.001,3000.0,45678,0.45281131152461057,0.45223974323532073,0.007323419608225488,0.9510130677073816,-0.00012735211830984956,0.9516420580805371
GJF,0.1,0.001,3000.0,56789,0.5175551810185238,0.5207780024549968,0.015535103666120416,1.0204482660013288,-0.00013582661271673368,1.0174037271910168
EULER_MARUYAMA,1.0,0.001,100.0,12345,0.387632802477469,0.5729757085411433,0.008949410757365519,1.0704537931292517,0.01418692350095624,0.8803773860820128
EULER_MARUYAMA,1.0,0.001,100.0,23456,0.3697196351545606,0.33804439240759493,-0.07103744599442507,0.81917181348928,0.0038382186972662725,0.859897980762171
EULER_MARUYAMA,1.0,0.001,100.0,34567,0.5992796074924064,0.5024819174885314,0.13208764776690293,0.9937387437075448,0.014762735728303389,1.0946877495413925
EULER_MARUYAMA,1.0,0.001,100.0,45678,0.4913665904551193,0.5809404548193147,0.09047418977262783,1.0741021033479456,0.000761072874089079,0.991328706419509
EULER_MARUYAMA,1.0,0.001,100.0,56789,0.5328604455319309,0.3758091432732091,-0.0021470402369969817,0.8669565581871354,-0.008663436769540386,1.0323012307439734
EULER_MARUYAMA,1.0,0.001,300.0,12345,0.4855666221640743,0.5234903196153349,-0.06739448213965779,1.0209988360233828,-0.0010533584693397159,0.9854603676854959
EULER_MARUYAMA,1.0,0.001,300.0,23456,0.40174308759963495,0.41101279167586796,0.02771438526506139,0.9062325826107054,-0.004088832700697089,0.8963645772669798
EULER_MARUYAMA,1.0,0.001,300.0,34567,0.5824764063066403,0.5670367350719373,-0.10643439329836127,1.0595967122162062,-0.004690118691172115,1.079319607004133
EULER_MARUYAMA,1.0,0.001,300.0,45678,0.40904234185274224,0.43355465415977434,-0.09135433300277918,0.9266950387525346,0.00046726375306768925,0.9044802198101277
EULER_MARUYAMA,1.0,0.001,300.0,56789,0.5374485710684539,0.5289494362190157,0.020601578168424287,1.0283357647897775,0.009101444860646415,1.03673251457748
EULER_MARUYAMA,1.0,0.001,1000.0,12345,0.5002459442050696,0.5052200593874258,-0.1087241170961036,0.9993093544540926,0.0011981170086037378,1.0002451964832046
EULER_MARUYAMA,1.0,0.001,1000.0,23456,0.5009879543388073,0.5407393347045816,0.009878686747891566,1.039894745336362,0.002089391339510825,1.0009852858399535
EULER_MARUYAMA,1.0,0.001,1000.0,34567,0.5184899101188625,0.5781044611444236,-0.05395768661789173,1.0739168921717277,0.0023380639911700116,1.0183193764783482
EULER_MARUYAMA,1.0,0.001,1000.0,45678,0.4699147820190225,0.4786469173163532,0.010307673042908696,0.978359641169769,-0.0010997884265144676,0.9694474471046556
EULER_MARUYAMA,1.0,0.001,1000.0,56789,0.4948931336398332,0.486671804042745,-0.013272343353320802,0.9864925000271207,-0.0002143834707706595,0.994880004055885
EULER_MARUYAMA,1.0,0.001,3000.0,12345,0.492832372997034,0.5141720317199602,-0.08386753531558092,1.0105989814950738,0.0003121569710537868,0.9928064504846511
EULER_MARUYAMA,1.0,0.001,3000.0,23456,0.5083099547113065,0.5077833626145468,0.009237972221284724,1.0077109624898575,-0.0007203402970746309,1.0082754537830767
EULER_MARUYAMA,1.0,0.001,3000.0,34567,0.5008871934185082,0.4936257524465592,-0.04196738951701311,0.9927186123674531,-0.0011140544686819148,1.0008861799139754
EULER_MARUYAMA,1.0,0.001,3000.0,45678,0.47688190804011477,0.46990283160146035,0.02272806605991742,0.9691692826941812,-0.000604738659076677,0.976608134979687
EULER_MARUYAMA,1.0,0.001,3000.0,56789,0.5016640697911626,0.5271419000001248,0.04918765619292977,1.0256043953904013,-0.00046424484094394664,1.0016625805354158
RUNGE_KUTTA,1.0,0.001,100.0,12345,0.3870441166110424,0.572644424882189,0.008954600292496381,1.0701442281276372,0.014166322520968477,0.8797087884331436
RUNGE_KUTTA,1.0,0.001,100.0,23456,0.36917738374520315,0.3376966891913851,-0.07104987123910952,0.8187461738304933,0.003849652954338075,0.8592671000851388
RUNGE_KUTTA,1.0,0.001,100.0,34567,0.5983580771365359,0.5018298615892302,0.1320591744478194,0.9930861492500213,0.014769432257096772,1.0938455166115346
RUNGE_KUTTA,1.0,0.001,100.0,45678,0.49072634502068724,0.580462358645517,0.09046769139135767,1.073657447496978,0.0007550084623942101,0.990682654058634
RUNGE_KUTTA,1.0,0.001,100.0,56789,0.5320265383682704,0.3753254384695191,-0.002158546718165994,0.8663984160772764,-0.008648308808639902,1.0314932318141452
RUNGE_KUTTA,1.0,0.001,300.0,12345,0.4848231125911977,0.5230027083970483,-0.06739305923725313,1.0205212346951307,-0.0010526917429510695,0.9847055998271581
RUNGE_KUTTA,1.0,0.001,300.0,23456,0.40114461950158536,0.41064303594151685,0.02772062849321461,0.9058242878751249,-0.004093516831179866,0.8956966470400813
RUNGE_KUTTA,1.0,0.001,300.0,34567,0.581575036237349,0.5664293345402728,-0.10643759849750625,1.0590229960288842,-0.004689263619734919,1.0784841593905465
RUNGE_KUTTA,1.0,0.001,300.0,45678,0.4084654037941507,0.43320320197832496,-0.09135613750776038,0.9263155299339062,0.00046823994066692154,0.9038421264434566
RUNGE_KUTTA,1.0,0.001,300.0,56789,0.5366053041987325,0.5283825385852561,0.02060082004241647,1.0277843569262453,0.009096417173261786,1.035918849939912
RUNGE_KUTTA,1.0,0.001,1000.0,12345,0.49949541266573405,0.5047124874968907,-0.10872258107552367,0.9988014694613141,0.0011961085261143415,0.9994945693602862
RUNGE_KUTTA,1.0,0.001,1000.0,23456,0.5002378454689432,0.5402158958263801,0.00987511442735697,1.039391300339136,0.0020901280598399287,1.0002356338284228
RUNGE_KUTTA,1.0,0.001,1000.0,34567,0.517718463089421,0.5775714455769431,-0.05395637228828465,1.0734205147811788,0.002335667841665196,1.0175615317161035
RUNGE_KUTTA,1.0,0.001,1000.0,45678,0.46922183988020016,0.4781737748152816,0.01030691354635806,0.9778759210881529,-0.0010975575968030034,0.9687324070688633
RUNGE_KUTTA,1.0,0.001,1000.0,56789,0.49414207532115567,0.4861764380969525,-0.013272000372499534,0.9859902284941663,-0.00021452560559299705,0.9941247936447886
RUNGE_KUTTA,1.0,0.001,3000.0,12345,0.49210321391098283,0.5136780905048868,-0.08386666030917464,1.010110173963918,0.00031109400363249723,0.9920717373249853
RUNGE_KUTTA,1.0,0.001,3000.0,23456,0.5075509324975844,0.5072673029158712,0.009237913620107976,1.0071987227500327,-0.0007199819837725222,1.0075223802657012
RUNGE_KUTTA,1.0,0.001,3000.0,34567,0.5001271863622672,0.49313090523011854,-0.04196706917616356,0.9922200232178935,-0.001113527926840092,1.000126558910211
RUNGE_KUTTA,1.0,0.001,3000.0,45678,0.476178156831054,0.46944216276979656,0.022727603387995777,0.9686938530894217,-0.0006041482223147242,0.975887262071858
RUNGE_KUTTA,1.0,0.001,3000.0,56789,0.5009115610792986,0.5266335897367629,0.049188241315948365,1.025108626580867,-0.00046430241337198626,1.0009110387233624
GJF,1.0,0.001,100.0,12345,0.38704420414744817,0.5726450766865414,0.008954606117423563,1.0701448360041785,0.01416632262096723,0.8797088833071539
GJF,1.0,0.001,100.0,23456,0.3691774721690979,0.33769711473606584,-0.07104990087623904,0.8187466894479408,0.0038496862039224425,0.8592672022222494
GJF,1.0,0.001,100.0,34567,0.5983582373345333,0.5018305255059312,0.13205925467181662,0.9930868068087724,0.014769367620404733,1.0938456637762801
GJF,1.0,0.001,100.0,45678,0.49072645043186963,0.5804630742240722,0.09046773722828465,1.073658110291764,0.0007549661879226625,0.9906827586804865
GJF,1.0,0.001,100.0,56789,0.5320266695041311,0.3753259228884639,-0.0021585441681978975,0.8663989769022543,-0.008648310571117864,1.0314933574481477
GJF,1.0,0.001,300.0,12345,0.4848232376740096,0.5230033508735381,-0.06739309207461633,1.020521862217925,-0.0010526591139203643,0.984705724709514
GJF,1.0,0.001,300.0,23456,0.4011447142636906,0.41064353733526127,0.027720638680672195,0.9058248401711698,-0.00409353049362295,0.8956967518613203
GJF,1.0,0.001,300.0,34567,0.5815751895242104,0.5664300516789514,-0.10643765268478048,1.059023668300003,-0.004689209757459345,1.0784843015445047
GJF,1.0,0.001,300.0,45678,0.40846549038545676,0.43320372398865004,-0.09135618142007741,0.9263160901277813,0.00046828496547931983,0.9038422207831293
GJF,1.0,0.001,300.0,56789,0.536605451910617,0.5283832024033234,0.020600834767355133,1.0277850028854811,0.009096408789963355,1.035918992204687
GJF,1.0,0.001,1000.0,12345,0.49949553833182725,0.5047131197898501,-0.10872263500045622,0.9988020959399623,0.0011961633672957907,0.9994946956473837
GJF,1.0,0.001,1000.0,23456,0.5002379749325311,0.5402165691755384,0.009875120677349159,1.0393919475663254,0.0020901234935956398,1.0002357631217347
GJF,1.0,0.001,1000.0,34567,0.5177185940892572,0.5775721582773022,-0.053956398777001514,1.0734211776912121,0.0023356953166308505,1.0175616599426944
GJF,1.0,0.001,1000.0,45678,0.4692219561800547,0.4781743730920336,0.01030691853885182,0.9778765329372078,-0.0010975628967963811,0.9687325261469616
GJF,1.0,0.001,1000.0,56789,0.4941422015809982,0.48617704616244245,-0.013272006866241425,0.9859908455066804,-0.00021451936685078836,0.9941249199627242
GJF,1.0,0.001,3000.0,12345,0.49210333599457995,0.5136787292040885,-0.0838667020078725,1.010110803148258,0.00031113653982932485,0.9920718594025575
GJF,1.0,0.001,3000.0,23456,0.5075510597549252,0.5072679409950739,0.00923791809760238,1.0071993565812776,-0.0007199866037667457,1.0075225064859814
GJF,1.0,0.001,3000.0,34567,0.5001273122758597,0.49313151971685015,-0.041967089964887516,0.9922206419793318,-0.0011135073406158213,1.0001266844561776
GJF,1.0,0.001,3000.0,45678,0.47617827169091026,0.46944274802906494,0.022727614181732265,0.9686944571355192,-0.0006041598735501605,0.9758873796232834
GJF,1.0,0.001,3000.0,56789,0.5009116875403907,0.526634243225946,0.049188265493418135,1.0251092631467467,-0.00046432783959020064,1.0009111642465736
EULER_MARUYAMA,10.0,0.001,100.0,12345,0.4662682914213573,1.042663286246422,-0.20497142125723428,1.429445099201012,0.028438667066661677,0.9652604957639922
EULER_MARUYAMA,10.0,0.001,100.0,23456,0.4654936709291134,0.4091885540180748,-0.16701262580467743,0.8890916097606073,-0.006828366357920532,0.9648526924605523
EULER_MARUYAMA,10.0,0.001,100.0,34567,0.4977092871214111,0.29139437242034466,0.4256160200997489,0.6337505407481885,-0.013019685141435736,0.9976217058763939
EULER_MARUYAMA,10.0,0.001,100.0,45678,0.5490970966612917,0.45288586063924197,0.11151839943250715,0.9451642008212788,0.01195580270246621,1.0478794108087306
EULER_MARUYAMA,10.0,0.001,100.0,56789,0.5040917894651317,0.26779541495731307,-0.0711427491656355,0.7283745864261392,-0.0006391426232172091,1.004083249775683
EULER_MARUYAMA,10.0,0.001,300.0,12345,0.49313222964904324,0.7269965004187484,-0.20771179226336553,1.1877915709787135,-0.0003947447427302402,0.9931084042393619
EULER_MARUYAMA,10.0,0.001,300.0,23456,0.4694613221444911,0.6603278594255855,0.20248869120961996,1.1312179491038574,-0.011569255448935627,0.9689111408933233
EULER_MARUYAMA,10.0,0.001,300.0,34567,0.5183451859742251,0.7332172017741592,-0.2735406447848134,1.179665171389848,-0.01056342646488973,1.0181251340820698
EULER_MARUYAMA,10.0,0.001,300.0,45678,0.49895199333336104,0.5808910497539594,-0.23511320159915997,1.051904882686701,-0.004955017724926147,0.9989391546275462
EULER_MARUYAMA,10.0,0.001,300.0,56789,0.47911231849033953,0.33608015394519186,0.04135690340040252,0.8188100591430949,0.003425588918379508,0.9788834977265289
EULER_MARUYAMA,10.0,0.001,1000.0,12345,0.5029289147826064,0.5327564092469885,-0.32661505315493355,0.9792014232340678,-0.0005929531250585933,1.0029244634672536
EULER_MARUYAMA,10.0,0.001,1000.0,23456,0.49858448837938957,0.5287159171851032,0.010579061919922542,1.028260627571226,0.0016375248768439052,0.9985821426293439
EULER_MARUYAMA,10.0,0.001,1000.0,34567,0.5085370493124383,0.6069264131607336,-0.18841459738425323,1.0855195831413382,0.003013231724710346,1.0084964150255948
EULER_MARUYAMA,10.0,0.001,1000.0,45678,0.4873199130163587,0.45745234994331235,0.003238453095683639,0.9565010255209451,0.0029568616801728983,0.987234057218213
EULER_MARUYAMA,10.0,0.001,1000.0,56789,0.49782520639474226,0.5116954585881769,-0.040952918145102386,1.0107985823412284,-0.0002872180959773765,0.9978227946627406
EULER_MARUYAMA,10.0,0.001,3000.0,12345,0.4995943354420809,0.5702804826131468,-0.26057804211869745,1.0356930285103865,-0.0002929749425313215,0.9995942109133698
EULER_MARUYAMA,10.0,0.001,3000.0,23456,0.5026980202437245,0.4658570261399672,0.03170390404636994,0.9647325614160179,-0.0006946758504051882,1.002694149100855
EULER_MARUYAMA,10.0,0.001,3000.0,34567,0.5060800443386944,0.5052289862275173,-0.13012629733587835,0.9967573024760212,-0.0007155136731079071,1.0060614183626402
EULER_MARUYAMA,10.0,0.001,3000.0,45678,0.5015926669579163,0.42823386562891774,0.076140305597118,0.9223179417729364,-0.0009227726240342191,1.0015909758247632
EULER_MARUYAMA,10.0,0.001,3000.0,56789,0.5026727941452573,0.6166085624580468,0.15592901872747655,1.0995013716487756,-0.00016350608811739096,1.002669218203377
EULER_MARUYAMA,10.0,0.001,10000.0,12345,0.4982562261709673,0.49339627222965976,0.0036741670672911712,0.9933675283105702,-0.00020981488523139414,0.9982546820294208
EULER_MARUYAMA,10.0,0.001,10000.0,23456,0.4990364358032052,0.4901364711819109,-0.0326136756929054,0.989550044412821,-0.00010064065544918059,0.9990359670819137
EULER_MARUYAMA,10.0,0.001,10000.0,34567,0.503521004767494,0.4983143057821178,0.04107164775669031,0.9974676591550217,2.914951606310448e-05,1.0035148274645804
EULER_MARUYAMA,10.0,0.001,10000.0,45678,0.507373339170826,0.5298452666109167,0.0026717525290593513,1.029409245860124,6.207872740159098e-05,1.0073463529012257
EULER_MARUYAMA,10.0,0.001,10000.0,56789,0.5041967859752677,0.5044069087251144,-0.005941209830987703,1.0043796682803328,-8.886566391792153e-06,1.0041880159384622
RUNGE_KUTTA,10.0,0.001,100.0,12345,0.46391590702616214,1.0425675153935576,-0.20498002067474141,1.4293768621620822,0.028441277971525347,0.962820289664856
RUNGE_KUTTA,10.0,0.001,100.0,23456,0.462944067599155,0.40914536729540885,-0.16700150664366697,0.8890451236560887,-0.006829766852914346,0.9622065752882665
RUNGE_KUTTA,10.0,0.001,100.0,34567,0.4953076861789228,0.29135690116373547,0.4256184153448082,0.6336898059325761,-0.012998784402694972,0.9952117380182045
RUNGE_KUTTA,10.0,0.001,100.0,45678,0.546401228947138,0.4528270776115299,0.11151334823314707,0.945102599121411,0.0119579891126361,1.0453035252620686
RUNGE_KUTTA,10.0,0.001,100.0,56789,0.5015830471744104,0.26775296250046876,-0.07114289840126996,0.7283162845594481,-0.0006366375420307149,1.0015815923009792
RUNGE_KUTTA,10.0,0.001,300.0,12345,0.4906469516210349,0.7269374370773459,-0.20771211269119713,1.187741785075803,-0.00039455331852783596,0.9906027193261471
RUNGE_KUTTA,10.0,0.001,300.0,23456,0.46705139716501176,0.6602763539818585,0.20249110893287944,1.131171984714819,-0.011567970020958244,0.9664207036871719
RUNGE_KUTTA,10.0,0.001,300.0,34567,0.5157990278207175,0.7331581019120754,-0.2735365013854109,1.1796160356156848,-0.01056471864283898,1.0156212110032414
RUNGE_KUTTA,10.0,0.001,300.0,45678,0.49640058029758194,0.5808385784767564,-0.2351120839913166,1.0518552492057724,-0.004957556201849152,0.9963817466279533
RUNGE_KUTTA,10.0,0.001,300.0,56789,0.4766686122807821,0.3360319179045087,0.04135652778530089,0.8187511690792476,0.0034291393035862333,0.9763838719778798
RUNGE_KUTTA,10.0,0.001,1000.0,12345,0.5003771156036055,0.5327078025427469,-0.3266143537820578,0.9791520147061546,-0.0005955965192543494,1.000376866925758
RUNGE_KUTTA,10.0,0.001,1000.0,23456,0.4960779229675963,0.5286642981433772,0.010578500203124754,1.028210431276177,0.0016389122976096255,0.9960688532979243
RUNGE_KUTTA,10.0,0.001,1000.0,34567,0.5060003727370341,0.6068690166862293,-0.18841547110316112,1.0854665567202075,0.0030118987301265897,1.0059779691368862
RUNGE_KUTTA,10.0,0.001,1000.0,45678,0.48484956716929095,0.4574049426063219,0.003237252172184786,0.9564514656392021,0.0029563955432555704,0.9847285897295732
RUNGE_KUTTA,10.0,0.001,1000.0,56789,0.4952975702355372,0.5116469530363088,-0.04095353580433025,1.0107505703567305,-0.00028642251322185503,0.9952864207536593
RUNGE_KUTTA,10.0,0.001,3000.0,12345,0.49708274463781904,0.5702282299284626,-0.26057814508856864,1.0356425494880204,-0.0002930753411558226,0.9970784338139355
RUNGE_KUTTA,10.0,0.001,3000.0,23456,0.5001750539074326,0.46580755065931173,0.031703769785287765,0.9646812798948344,-0.0006939858537676808,1.0001747979809028
RUNGE_KUTTA,10.0,0.001,3000.0,34567,0.503528090472387,0.5051769773175285,-0.13012638036452462,0.9967051121918442,-0.0007158940276324644,1.0035216331714005
RUNGE_KUTTA,10.0,0.001,3000.0,45678,0.49908047755315305,0.42818350489061896,0.07614060598549251,0.9222633122140932,-0.0009221238773451528,0.9990796291570033
RUNGE_KUTTA,10.0,0.001,3000.0,56789,0.500147374252032,0.6165542739321576,0.1559288871526411,1.0994520130203014,-0.00016206165867292766,1.0001473499028986
RUNGE_KUTTA,10.0,0.001,10000.0,12345,0.49573846616191736,0.4933461552835559,0.0036742522159347347,0.9933170747460756,-0.00021006048867438948,0.9957293247000331
RUNGE_KUTTA,10.0,0.001,10000.0,23456,0.4965115150256061,0.49008716450729467,-0.03261389742012823,0.9895002082725518,-9.90592874258902e-05,0.9965054039046257
RUNGE_KUTTA,10.0,0.001,10000.0,34567,0.5010029974812531,0.49826208841363956,0.04107161696172879,0.9974153094111106,2.944778944026448e-05,1.0010024942693287
RUNGE_KUTTA,10.0,0.001,10000.0,45678,0.5048472007709992,0.5297918752489061,0.0026717916915103843,1.029357378445261,6.197553753057786e-05,1.0048355077264295
RUNGE_KUTTA,10.0,0.001,10000.0,56789,0.5016776575116783,0.5043553561158048,-0.005941157236053458,1.0043283401800949,-9.04450994436263e-06,1.0016762525626675
GJF,10.0,0.001,100.0,12345,0.4638812225972176,1.0425689164510445,-0.20497997776277804,1.429377850508623,0.02844087932650842,0.9627842761005002
GJF,10.0,0.001,100.0,23456,0.4629106893413833,0.40914588560143,-0.16700162415469805,0.889045683835991,-0.006828591405107426,0.9621718924260528
GJF,10.0,0.001,100.0,34567,0.49527032880838995,0.2913573455831802,0.4256185718178523,0.6336903979213564,-0.01300037012037349,0.9951741772926165
GJF,10.0,0.001,100.0,45678,0.5463603002962463,0.45282764780440243,0.11151346429419633,0.94510319536639,0.011956827639654517,1.0452643861837965
GJF,10.0,0.001,100.0,56789,0.501545629754628,0.26775335462056726,-0.07114293663829203,0.7283168226378889,-0.0006362627842152001,1.0015442331882969
GJF,10.0,0.001,300.0,12345,0.4906105011687451,0.7269382894612939,-0.207712217199095,1.1877424861402726,-0.00039349556876846413,0.9905659236917409
GJF,10.0,0.001,300.0,23456,0.46701691956283514,0.6602771335744431,0.20249115291186284,1.1311726659222567,-0.011568416210765792,0.9663850212682122
GJF,10.0,0.001,300.0,34567,0.5157603352402699,0.7331590139457753,-0.27353669190961705,1.1796167621386004,-0.01056282146741056,1.0155831303865213
GJF,10.0,0.001,300.0,45678,0.49636389463793906,0.5808392761113494,-0.23511222764071807,1.0518558800750872,-0.004956121186995055,0.9963449342484563
GJF,10.0,0.001,300.0,56789,0.476633355911017,0.3360323607943301,0.04135656697263761,0.818751709564747,0.0034287447885633757,0.976347763089177
GJF,10.0,0.001,1000.0,12345,0.5003400250624687,0.5327084638269202,-0.32661452101059874,0.9791526348758538,-0.0005939207563490544,1.000339790947499
GJF,10.0,0.001,1000.0,23456,0.49604103419245743,0.5286649584625519,0.010578514439356928,1.0282110744441622,0.0016387713002858756,0.9960318180212828
GJF,10.0,0.001,1000.0,34567,0.5059626663854171,0.6068697395890755,-0.18841555152931058,1.0854672076501588,0.003012698090377384,1.0059404841008055
GJF,10.0,0.001,1000.0,45678,0.48481362668921685,0.457405516838104,0.003237268449664454,0.9564520651240791,0.0029562352822059,0.9846920911189005
GJF,10.0,0.001,1000.0,56789,0.49526087004141217,0.5116475884967645,-0.04095355730055332,1.0107511975707282,-0.00028620736099079966,0.9952495454701378
GJF,10.0,0.001,3000.0,12345,0.4970457847765192,0.5702289279838398,-0.2605782759396551,1.035643190170796,-0.0002917569578038012,0.9970413651965202
GJF,10.0,0.001,3000.0,23456,0.5001378405426995,0.4658081475485655,0.031703782299022126,0.9646818980294731,-0.0006941135461080663,1.0001375902397287
GJF,10.0,0.001,3000.0,34567,0.5034906933328834,0.5051776095242381,-0.13012644904693882,0.9967057367568719,-0.0007152052359934572,1.0034843679232068
GJF,10.0,0.001,3000.0,45678,0.49904332418084474,0.42818405862867687,0.07614063960295044,0.9222639095826687,-0.0009224617019228728,0.9990424405687841
GJF,10.0,0.001,3000.0,56789,0.5001101792310259,0.616555018261227,0.1559289651925436,1.0994526788242014,-0.0001628415076981158,1.0001101596099227
GJF,10.0,0.001,10000.0,12345,0.49570167130166093,0.4933467737840326,0.003674253312183364,0.9933176973266433,-0.00021006682991646304,0.9956923719444497
GJF,10.0,0.001,10000.0,23456,0.4964746798479003,0.4900877808415239,-0.032613913981357545,0.9895008304026998,-9.889877762652872e-05,0.9964684384154675
GJF,10.0,0.001,10000.0,34567,0.5009656798004003,0.49826271546535555,0.041071637521703105,0.9974159373993534,2.9239873450159164e-05,1.0009652138295322
GJF,10.0,0.001,10000.0,45678,0.5048095414393232,0.5297925354580806,0.0026717926015092344,1.0293580198775043,6.195983630020372e-05,1.0047980295048082
GJF,10.0,0.001,10000.0,56789,0.5016402790996513,0.5043559890762637,-0.005941159927300093,1.0043289697365714,-9.01333623332948e-06,1.0016389359002507
